TrackID_1,TrackID_2,TrackID_3,TrackID_4,TrackID_5,TrackID_6,Loc_start_time,Loc_end_time,Loc_beam_time,Loc_m_1,Loc_m_2,Loc_m_min_1,Loc_m_min_2,Loc_m_max_1,Loc_m_max_2,Loc_LatLong_1,Loc_LatLong_2,Loc_m_dilated_1,Loc_m_dilated_2,Loc_m_dilated_min_1,Loc_m_dilated_min_2,Loc_m_dilated_max_1,Loc_m_dilated_max_2,Loc_LatLong_dilated_1,Loc_LatLong_dilated_2,distance_m,distance_m_minmax_1,distance_m_minmax_2,distance_m_dilated,distance_m_dilated_minmax_1,distance_m_dilated_minmax_2
86,96,,,,,01-Nov-2017 03:31:30,03-Sep-4035 07:05:52,14-Jul-1916 00:00:00,5821.84885894832,1123.50945072591,5800.51151307452,964.938590631565,5847.18695717346,1311.81234708795,26.5514570727832,-175.635603601883,5843.57939051333,1060.0446258392,5819.57487640531,881.652408233052,5871.5846569727,1268.16887971303,26.5508842429073,-175.635385547167,1890,1730,2080,1830,1650,2040
1,,,,,,01-Nov-2017 03:17:21,01-Nov-2017 03:23:00,01-Nov-2017 03:21:00,3066.46938336269,1867.60886983699,3062.46863101135,1837.8768335693,3070.47013571403,1897.34090610469,26.5581732715383,-175.663252418816,3074.47088806536,1927.07294237238,3070.47013571403,1897.34090610469,3078.4716404167,1956.80497864007,26.5587099908525,-175.663172127829,2260,2230,2290,2320,2290,2350
2,8,16,17,20,,01-Nov-2017 03:12:58,01-Nov-2017 03:18:22,01-Nov-2017 03:15:53,1611.53715750049,1478.15769427365,1602.2020686807,1408.78294298237,1620.87224632028,1547.53244556492,26.5546581075248,-175.677851915952,1615.53790985183,1507.88973054134,1600.86848456359,1398.87226422647,1628.87375102296,1606.9965181003,26.554926467182,-175.677811770458,1680,1610,1750,1710,1600,1810
4,25,31,,,,01-Nov-2017 03:16:09,01-Nov-2017 03:20:01,01-Nov-2017 03:17:33,1990.08050147921,841.993457044445,1987.41333324498,822.172099532651,1992.74766971343,861.814814556239,26.5489161255418,-175.674053428044,1997.32401200088,820.838515415539,1993.32325964954,791.106479147848,2001.32476435222,850.570551683229,26.5487251822499,-175.673980743139,1100,1080,1120,1080,1050,1110
7,27,32,42,,,01-Nov-2017 03:16:17,01-Nov-2017 03:21:57,01-Nov-2017 03:19:54,2437.12709376253,2214.63665333686,2427.79200494274,2145.26190204559,2446.46218258232,2284.01140462814,26.5613055244438,-175.669567545247,2486.49808329712,2056.64138317862,2478.49657859444,1997.17731064324,2495.83317211691,2126.0161344699,26.5598794681811,-175.669072132741,2520,2450,2590,2370,2310,2440
34,,,,,,01-Nov-2017 03:20:03,01-Nov-2017 03:20:39,01-Nov-2017 03:20:19,2639.1184987491,-708.409612515176,2636.45133051487,-728.230970026969,2735.13655518121,5.15925790939609,26.534922276201,-175.66754066531,2640.45208286621,-698.498933759279,2637.78491463198,-718.320291271072,2733.8029710641,-4.75142084650072,26.5350117294201,-175.667527283478,-350,-370,370,-340,-360,360
30,38,46,49,53,,01-Nov-2017 03:19:31,01-Nov-2017 03:22:50,01-Nov-2017 03:22:50,3744.15713246728,2704.71060482119,3713.48469777369,2476.76499343556,3780.16390362932,2972.29893123041,26.5657289038718,-175.656452170546,3773.49598304376,2922.74553745092,3726.82053894481,2575.87178099453,3818.83784302559,3259.70861515141,26.5676968746906,-175.656157770259,3180,2950,3450,3400,3050,3740
41,50,59,62,64,73,01-Nov-2017 03:20:31,01-Nov-2017 03:27:28,01-Nov-2017 03:23:48,3956.91448303139,1586.34827096828,3950.24656244583,1536.79487718879,3963.58240361696,1635.90166474776,26.5556346294759,-175.654317259878,3986.64651929908,1582.34751861694,3978.64501459641,1522.88344608156,3994.64802400176,1641.81159115232,26.5555985189142,-175.654018914174,2100,2050,2150,2100,2040,2160
60,68,,,,,01-Nov-2017 03:23:37,01-Nov-2017 03:26:24,01-Nov-2017 03:23:45,4078.08823344375,2336.89268818221,4044.74863051593,2089.12571928479,4118.09575695713,2634.21305085911,26.5624090004148,-175.653101343569,4084.75615402932,2386.44608196169,4042.08146228171,2069.30436177299,4132.76518224537,2743.23051717398,26.56285626651,-175.653034434412,2860,2610,3160,2910,2590,3270
52,61,,,,,01-Nov-2017 03:22:23,01-Nov-2017 03:25:25,01-Nov-2017 03:24:11,3840.71026059769,572.791869632574,3838.04309236346,552.97051212078,3843.37742883192,592.613227144368,26.5464863274264,-175.655483309528,3847.95377111936,551.636928003668,3845.28660288514,531.815570491874,3850.62093935359,571.458285515461,26.5462953841345,-175.655410624622,1080,1060,1100,1060,1040,1080
45,56,,,,,01-Nov-2017 03:21:21,01-Nov-2017 03:23:44,01-Nov-2017 03:23:44,3999.07033924573,924.817558312517,3981.73374572326,795.978734485858,4020.40768511953,1083.38841840687,26.549663691138,-175.653894247526,3967.82231461602,767.58028233528,3950.48572109356,638.741458508622,4006.49625401229,1054.98996625629,26.5482444764873,-175.654207805394,1450,1320,1610,1290,1160,1580
55,57,65,,,,01-Nov-2017 03:22:48,01-Nov-2017 03:26:12,01-Nov-2017 03:24:52,4159.0031606586,388.700507068186,4156.33599242438,368.879149556393,4163.00391300994,418.432543335877,26.5448247293277,-175.65228940386,4195.40311751186,434.253148496332,4190.06878104341,394.610433472745,4199.4038698632,463.985184764023,26.5452358848612,-175.651924149,940,920,970,990,950,1020
66,74,,,,,01-Nov-2017 03:26:07,01-Nov-2017 03:27:26,14-Jul-1916 00:00:00,5486.19098816352,1703.45237359007,5434.18120759613,1316.93590211009,5564.87245107317,2288.18242018798,26.5566916044016,-175.638971756108,5478.94747764185,1724.60731521897,5422.93694472312,1308.35880747131,5561.62969290284,2339.06939808458,26.5568825476936,-175.639044441013,2420,2030,3010,2440,2020,3060
47,69,,,,,01-Nov-2017 03:21:44,01-Nov-2017 03:31:27,01-Nov-2017 03:28:03,5298.64608598249,1809.4094859795,5294.64533363115,1779.67744971181,5303.98042245094,1849.05220100308,26.5576479672317,-175.640853672814,5321.71020166462,1755.85533984867,5317.70944931328,1726.12330358098,5325.71095401595,1785.58737611636,26.5571645905748,-175.640622236267,2500,2470,2540,2450,2420,2480
67,76,80,81,,,01-Nov-2017 03:26:08,01-Nov-2017 03:29:09,01-Nov-2017 03:27:51,5082.02986907412,274.587862932601,5079.3627008399,254.766505420807,5084.69703730835,294.409220444395,26.543794755135,-175.643027305223,5087.93979547868,243.522242547798,5085.27262724446,223.700885036004,5090.60696371291,263.343600059591,26.543514358624,-175.642968002149,950,930,970,920,900,940
77,85,87,95,98,,01-Nov-2017 03:29:26,03-Sep-4035 07:03:12,01-Nov-2017 03:32:17,6472.16368593249,632.397828175039,6469.49651769826,612.576470663245,6476.16443828382,662.129864442729,26.5470243273956,-175.629078026819,6484.74153292261,650.88560156972,6480.74078057127,621.153565302029,6490.07586939106,690.528316593307,26.5471911969798,-175.628951814588,1490,1470,1520,1510,1480,1550
83,88,93,97,,,01-Nov-2017 03:29:09,01-Nov-2017 03:33:37,01-Nov-2017 03:32:05,6453.1003226017,715.684010573551,6447.76598613325,676.041295549964,6459.76824318726,765.237404353036,26.5477760637096,-175.629269317872,6463.7689955386,794.969440620726,6449.09957025036,685.951974305861,6475.77125259261,884.165549423798,26.5484916894619,-175.629162263222,1570,1530,1620,1650,1540,1740
79,89,91,99,,,01-Nov-2017 03:28:21,01-Nov-2017 03:34:11,01-Nov-2017 03:31:46,6217.70041924809,1140.8744214498,6212.36608277963,1101.23170642621,6223.03475571654,1180.51713647338,26.5516138080148,-175.63163143492,6229.5202720572,1078.74318068019,6221.51876735453,1019.27910814481,6240.1889449941,1158.02861072736,26.5510530149928,-175.631512828772,1960,1920,2000,1900,1840,1980
58,71,,,,,01-Nov-2017 03:23:31,01-Nov-2017 03:26:54,14-Jul-1916 00:00:00,5258.21699957648,2258.81519241008,5214.20872371176,1931.76279346549,5315.56111661233,2684.97437891365,26.5617042774081,-175.641259357918,5246.39714676736,2320.94643317969,5191.72019796574,1914.60860418792,5311.74276850589,2806.56969221863,26.5622650704301,-175.641377964066,2940,2610,3370,3000,2590,3490
70,84,,,,,01-Nov-2017 03:26:31,01-Nov-2017 03:29:17,01-Nov-2017 03:29:14,5990.00610754659,3572.96309179444,5888.65371464602,2819.75150634628,6151.36978571722,4772.15522125796,26.5735657011093,-175.633916230317,6004.09994289872,3752.6888935177,5885.41095647569,2870.63848424288,6182.80021459182,5080.71984680787,26.5751878959058,-175.633774805922,4340,3580,5550,4520,3630,5860
102,103,104,,,,01-Nov-2017 03:34:57,01-Nov-2017 03:37:04,01-Nov-2017 03:36:36,8011.29411541768,1797.54911493257,7952.61641426472,1361.47924967311,8097.97708303001,2441.74323406586,26.5575409162016,-175.613633643982,8023.2963724717,1886.74522373564,7953.94999838183,1371.389928429,8119.31442890381,2600.31409416021,26.558345995173,-175.613513207501,2850,2410,3500,2940,2420,3660
