Cruise,AC_ID,VIS_ID,Detection Type,Mixed Species Encounter (Y/N),Array Processing Name,Hydrophones Used,Banter Score,Localization_Status,Stock,Stock Justification,Stock Overlap,LAT_AC,LON_AC,Start_Time,End_Time,Processed_StartTime,Processed_EndTime,LAT_AC_END,LON_AC_END,Notes
2010 HICEAS,1641071,S035,Visual,,hiceas2010c,,,4. Paused,HIPelagic,Genetically identified as not NWHI or MHI; photo-ID match to animal outside NWHI area,,28.9011,-176.9941,09/02/2010 2:30:00,09/02/2010 5:57:00,,,,,
2010 HICEAS,1641083,S047,Visual,,hiceas2010c,,,4. Paused,HIPelagic,Within HI pelagic assessment area,,29.23289,-174.882,09/05/2010 17:15:00,09/05/2010 19:15:00,,,,,
2010 HICEAS,1641098,S061,Visual,,hiceas2010c,,,4. Paused,HIPelagic,Within HI pelagic assessment area,,31.3668,-177.2191,09/07/2010 20:06:30,09/07/2010 22:29:00,,,,,
2010 HICEAS,1641116,S074,Visual,,hiceas2010c,,,4. Paused,HIPelagic,Genetically identified as not MHI or NWHI; within HI pelagic assessment area,,29.643,-173.2723,09/10/2010 21:23:00,09/11/2010 2:11:00,,,,,
2010 HICEAS,1641325,S241,Visual,,hiceas2010d,,,4. Paused,HIPelagic,Genetically identified as not MHI or NWHI; within HI pelagic assessment area,,26.71771,179.0239,11/10/2010 21:36:00,11/11/2010 0:05:00,,,,,
2010 HICEAS,1641224,S140,Visual,,hiceas2010d,,,4. Paused,NWHI,Genetically identified as insular; within NWHI area outside of overlap with MHI area,,24.472,-168.6277,10/08/2010 1:12:00,10/08/2010 3:18:00,,,,,
2010 HICEAS,1641291,S200,Visual,,hiceas2010d,,,4. Paused,NWHI,Genetically identified as insular; within NWHI area outside of overlap with MHI area,,23.4578,-162.2288,10/21/2010 3:16:00,10/21/2010 4:27:00,,,,,
2010 HICEAS,1641299,S206,Visual,,hiceas2010d,,,4. Paused,NWHI,Genetically identified as insular; photo-ID matches to NWHI stock,,23.177,-162.0642,10/22/2010 2:34:00,10/22/2010 4:10:00,,,,,
2010 HICEAS,1642033,S086,Visual,,pifscseiche,,,4. Paused,NWHI,Genetically identified as insular; tag data show restricted movement nearshore NWHI; photo-ID matches to NWHI stock,,23.01634,-162.5203,09/26/2010 21:25:35,09/27/2010 0:00:30,,,,,
2011 PICEAS,1108009,S004,Visual,,pifscoil2_2011,,,4. Paused,Palmyra,Within Palmyra EEZ,,7.2365,-164.9374,10/26/2011 22:13:21,10/27/2011 1:02:00,,,,,
2011 PICEAS,1108038,S022,Visual,,swfscoil7,"2,3",,4. Paused,Palmyra,Within Palmyra EEZ,,5.9277,-162.0743,11/07/2011 21:51:00,11/08/2011 0:40:00,,,,,
2012 PICEAS,1203186,S076,Visual,,pifscoil3,,,4. Paused,HIPelagic,Genetically identified as not MHI or NWHI; within HI pelagic assessment area,,19.2856,-157.3481,05/16/2012 23:03:25,05/17/2012 1:31:00,,,,,
2013 PACES,1303039,S020,Visual,,inline_pifscoil4,,,4. Paused,HIPelagic,"Genetically identified as most common pelagic haplotype, not known from the MHI or NWHI stocks; tag data show movements E and W of NWHI stock area; photo-ID match to animal outside NWHI area",,25.704,-171.471,05/15/2013 0:54:41,05/15/2013 5:17:00,,,,,
2013 PACES,1303088,S059,Visual,,inline_pifscoil4,,,4. Paused,HIPelagic,"Genetically identified as most common pelagic haplotype, not known from the MHI or NWHI stocks; tag data show movements E and W of NWHI stock area; photo-ID match to animal outside NWHI area",,25.362,-172.237,05/27/2013 1:34:39,05/27/2013 5:20:55,,,,,"5/27/2013 2:25:00 to 5/27/2013 3:10:00 is a gap not used for processing. Not sure as to the why, check with Yvonne."
2015 MACS,1502026,S022,Visual,,inline_pifscoil4_2015,,,4. Paused,MA,,,17.5615,146.2456,05/24/2015 7:02:45,05/24/2015 8:30:00,,,,,
2015 MACS,1502032,S031,Visual,,inline_pifscoil4_2015,,,4. Paused,MA,,,19.7577,145.3397,05/28/2015 1:07:53,05/28/2015 6:51:20,,,,,
2016 HITECH,1604010,S018,Visual,,inline_pifscoil5,,,4. Paused,MHI,Photo-ID matches to MHI insular stock,,21.617815,-158.30183,07/05/2016 1:42:00,07/05/2016 3:59:00,,,,,
2017 HICEAS,1705142,N/A,AC,,Numbat_20m_Goanna-5,"1,5",0.6063,4. Paused,HIPelagic,Within HI pelagic assessment area,,18.788255,-159.0792833,09/20/2017 20:09:27,09/20/2017 20:18:13,,,18.77015,-159.103,"DW only. No valid EC Data, which is probably lowering the score. All traces were past the beam and no localizations were possible of the 2 trace sequences."
2017 HICEAS,1705323,N/A,AC - w/in 3 nmi,,Numbat_20m_Goanna,"1,6",0.7742,3. Completed,MHIorHIPelagic,Not possible to assign to stock with available information,,21.12277,-157.9095783,11/16/2017 3:43:48,11/16/2017 4:29:12,,,,,
2017 HICEAS,1706303,N/A,AC - outside 3 nmi,,Kolea_30m_Moli-5,"1,5",0.6162,3. Completed,HIPelagic,Within HI pelagic assessment area,,28.48470833,179.7504133,09/24/2017 19:22:38,09/24/2017 21:00:01,,,28.55629,179.4525,
2017 HICEAS,1705210,N/A,AC - w/in 3 nmi,YES,Numbat_20m_Goanna,"1,6",0.8477,3. Completed,HIPelagic,Within HI pelagic assessment area,,18.81263,-158.0541283,10/09/2017 3:26:07,10/09/2017 4:43:03,10/09/2017 3:01:14,10/09/2017 3:39:50,18.83184,-158.039,Acoustic encounter has 002 as the species code. Look at notes because encounter summary data looks like 033. Only processed the data before the turn to chase spotted dolphins when it was only 33s.
2017 HICEAS,1705292,N/A,AC - w/in 3 nmi,,Sugar Glider_20m_Goanna,"1,6",0.8434,3. Completed,HIPelagic,Within HI pelagic assessment area,,22.70850167,-166.0059133,11/05/2017 18:28:10,11/05/2017 20:54:59,,11/05/2017 19:17:40,22.67239,-165.86,
2017 HICEAS,1705307,N/A,AC - w/in 3 nmi,,Numbat_20m_Goanna,"1,6",0.9145,3. Completed,HIPelagic,Within HI pelagic assessment area,Right outside NWHI stock boundary,22.053075,-162.9381233,11/07/2017 1:45:43,11/07/2017 4:05:54,,11/07/2017 2:56:34,22.01565,-162.742,
2017 HICEAS,1705385,N/A,AC - w/in 3 nmi,,Numbat_20m_Goanna,"1,6",0.8813,3. Completed,MHIorHIPelagic,Not possible to assign to stock with available information,,20.46153833,-155.7641133,11/25/2017 16:20:58,11/25/2017 17:18:09,,,20.33846,-155.893,
2017 HICEAS,1705075,N/A,AC - w/in 3 nmi,,SugarGli_20m_Echidna,"1,6",0.8686,3. Completed,MHIorHIPelagic,Not possible to assign to stock with available information,,18.85984167,-156.4328533,08/31/2017 23:52:27,09/01/2017 1:19:15,,,19.07863,-156.31,
2017 HICEAS,1706127,N/A,AC - w/in 3 nmi,,Kolea_30m_Pueo,"1,6",0.8172,3. Completed,MHIorHIPelagic,Not possible to assign to stock with available information,,21.07917833,-156.1902333,08/02/2017 2:21:01,08/02/2017 2:26:49,,,21.08663,-156.204,
2017 HICEAS,1706132,N/A,AC - w/in 3 nmi,,Kolea_30m_Pueo,"1,6",0.8098,3. Completed,MHIorHIPelagic,Not possible to assign to stock with available information,,20.38032167,-156.06466,08/09/2017 21:07:25,08/09/2017 21:31:00,,,20.3824,-155.997,
2017 HICEAS,1706120,N/A,AC - w/in 3 nmi,,Kolea_30m_Pueo,"1,6",0.6957,3. Completed,MHIorHIPelagic,Not possible to assign to stock with available information,,20.364575,-156.030605,07/31/2017 22:41:15,07/31/2017 22:52:04,,,20.37382,-155.998,
2017 HICEAS,1706065,N/A,AC - w/in 3 nmi,,Kolea_30m_Pueo,"1,6",0.7045,3. Completed,NWHIorHIPelagic,Not possible to assign to stock with available information,,23.90510333,-166.41263,07/20/2017 20:17:52,07/20/2017 20:31:59,,,23.91331,-166.38,
2017 HICEAS,1706269,N/A,AC - w/in 3 nmi,,Kolea_30m_Moli,"1,6",0.8261,3. Completed,NWHIorHIPelagic,Not possible to assign to stock with available information,,23.39561667,-165.5441233,09/16/2017 4:06:59,09/16/2017 4:50:09,,,23.42786,-165.674,
2017 HICEAS,1705150,S064,P1 - Vis Confirm,YES,Numbat_20m_Echidna,"1,6",Not Predicted on due to mixed species.,3. Completed,HIPelagic,Within HI pelagic assessment area,,20.01874,-161.82189,09/21/2017 23:45:04,09/22/2017 0:52:04,,,20.07098,-162.023,
2017 HICEAS,1705191,S073,P1 - Vis Confirm,YES,Numbat_20m_Echidna,"1,6",Not Predicted on due to mixed species.,3. Completed,HIPelagic,Genetically identified as not MHI or NWHI; within HI pelagic assessment area,,23.536685,-175.76996,09/29/2017 22:49:47,09/30/2017 0:11:47,,,23.5908,-175.998,
2017 HICEAS,1706081,S033,P1 - Vis Confirm,,Kolea_30m_Pueo,"1,6",0.9045,3. Completed,HIPelagic,"Genetically identified as most common pelagic haplotype, not known from the MHI or NWHI stocks",,25.184655,-172.85717,07/23/2017 16:37:37,07/23/2017 17:34:37,,,25.21592,-172.997,
2017 HICEAS,1706091,S035,P1 - Vis Confirm,,Kolea_30m_Pueo,"1,6",0.8715,3. Completed,HIPelagic,Within HI pelagic assessment area,,24.60878833,-173.67769,07/24/2017 16:53:35,07/24/2017 18:15:35,,,24.53246,-173.442,
2017 HICEAS,1706101,S039,P1 - Vis Confirm,,Kolea_30m_Pueo,"1,6",0.8338,3. Completed,HIPelagic,Within HI pelagic assessment area,,21.21303167,-163.3247283,07/28/2017 3:10:59,07/28/2017 4:00:59,,,21.17729,-163.192,
2017 HICEAS,1706257,S119,P1 - Vis Confirm,,Kolea_30m_Moli,"1,6",0.6755,3. Completed,HIPelagic,"Genetically identified as most common pelagic haplotype, not known from the MHI or NWHI stocks; tag data show broad movements throughout EEZ; no photo-ID matches to known animals",,21.76075167,-159.2533283,09/12/2017 16:27:51,09/12/2017 18:24:51,,,21.79689,-159.618,
2017 HICEAS,1706258,S122,P1 - Vis Confirm,,Kolea_30m_Moli,"1,6",0.7911,3. Completed,HIPelagic,"Genetically identified as most common pelagic haplotype, not known from the MHI or NWHI stocks; tag data show broad movements throughout EEZ; no photo-ID matches to known animals",,22.07099333,-160.1974533,9/13/2017 17:55:35,9/13/2017 19:21:35,,,22.13348,-160.45,
2017 HICEAS,1706298,S141,P1 - Vis Confirm,,Kolea_30m_Pueo,"1,6",0.9301,3. Completed,HIPelagic,Within HI pelagic assessment area,,26.579475,-178.6130783,9/20/2017 19:46:40,9/20/2017 21:21:40,,,26.64155,-178.867,
2017 HICEAS,1705280,S116,P1 - Vis Confirm,,Numbat_20m_Goanna,"1,6",0.8693,3. Completed,HIPelagic,Within HI pelagic assessment area,,23.82788333,-173.72247,11/03/2017 1:41:12,11/03/2017 3:25:09,11/03/2017 1:24:00,11/03/2017 1:55:00,23.81803,-173.707,
2017 HICEAS,1705416,S159,P1 - Vis Confirm,,Numbat_20m_Goanna,"1,6",0.9954,3. Completed,HIPelagic,Within HI pelagic assessment area,,22.900225,-154.195015,11/30/2017 22:47:04,11/30/2017 23:53:09,,,22.81017,-154.378,
2017 HICEAS,1706338,S176,P1 - Vis Confirm,,Kolea_30m_Moli-5,"1,5",0.7947,3. Completed,MHI,Acoustic data verified continutation to sightin 178,,21.77088333,-158.7553717,10/8/2017 20:12:43,10/8/2017 21:36:43,,,21.68017,-158.54,
2017 HICEAS,1705214,S086,P1 - Vis Confirm,YES,Numbat_20m_Goanna,"1,6",0.7564,4. Paused,MHI,Photo-ID matches to MHI insular stock,,21.03408167,-157.2217533,10/09/2017 23:13:22,10/10/2017 1:17:08,,,21.03052,-157.2017,Localizations won't be done because none of this encounter was on trackline and in a straight line: Phase 1 not done. Straight into Phase 2 because visuals detected them off effort at the end of spotted dolphin sighting while returning to course and speed.
2017 HICEAS,1705109,S056,P1 - Vis Confirm,,SugarGli_20m_Echidna-5,"1,5",0.9857,3. Completed,MHIorHIPelagic,Not possible to assign to stock with available information,,20.47612333,-157.0381083,09/12/2017 16:28:26,09/12/2017 17:21:26,,,20.45038,-156.878,
2017 HICEAS,1706007,S001,P1 - Vis Confirm,,Iiwi_30m_Pueo,"1,6",0.8711,3. Completed,MHIorHIPelagic,Not possible to assign to stock with available information,,20.50774,-158.6635,07/09/2017 3:06:42,07/09/2017 4:39:42,,,20.51502,-158.401,
2017 HICEAS,1705108,S055,P1 - Vis Confirm,,SugarGli_20m_Echidna,"1,6",0.8837,3. Completed,MHIorHIPelagic,Not possible to assign to stock with available information,,21.05566833,-157.509885,09/12/2017 3:22:30,09/12/2017 4:46:29,,09/12/2017 4:06:14,20.9723,-157.464,
2017 HICEAS,1706281,S133,P1 - Vis Confirm,,Kolea_30m_Moli,"1,6",0.8304,3. Completed,NWHIorHIPelagic,Not possible to assign to stock with available information,,25.89581333,-172.64639,09/18/2017 3:47:00,09/18/2017 5:41:40,,09/18/2017 4:54:12,25.94424,-172.845,
2017 HICEAS,1705308,S125,P1 - Vis Confirm,,Numbat_20m_Goanna,"1,6",0.904,3. Completed,NWHIorHIPelagic,Not possible to assign to stock with available information,,21.92548667,-162.2257117,11/07/2017 17:02:30,11/07/2017 19:44:02,,11/07/2017 17:48:51,21.90713,-162.093,Note that animals were all around the ship at the onset of the array going in the water. The first couple of traces might not have enough change in bearing angles.
2017 HICEAS,1705067,S032,P2 - Vis Confirm,,SugarGli_20m_Echidna,"1,6",0.8512,3. Completed,HIPelagic,Within HI pelagic assessment area,,17.75015333,-152.9670033,08/30/2017 1:46:47,08/30/2017 3:54:26,,,17.6593,-152.609,
2017 HICEAS,1705276,S114,P2 - Vis Confirm,,Numbat_20m_Echidna,"1,6",0.8639,3. Completed,HIPelagic,Start of acoustic detection Phase 1 was outside the NWHI boundary,Changed from NWHIorHIPelagic to HIPelagic because start of acoustic detection is outside boundary (end of detection and visual off-effort sighting is within),26.55331667,-175.7829767,11/01/2017 2:40:19,11/01/2017 3:38:19,,,26.53058,-175.605,
2017 HICEAS,1705279,S115,P2 - Vis Confirm,,Numbat_20m_Echidna,"1,6",0.8606,3. Completed,HIPelagic,Within HI pelagic assessment area,,23.88571,-173.935165,11/02/2017 23:16:35,11/03/2017 2:01:35,,,23.84887,-173.773,
2017 HICEAS,1706044,S020,P2 - Vis Confirm,,Iiwi_30m_Pueo,"4,6",0.156,5. Not Valid,MHIorHIPelagic,Not possible to assign to stock with available information,,21.17765,-156.1035167,07/15/2017 21:36:50,07/15/2017 22:26:50,,,21.26309,-156.222,"There is a lot of extrnal noise impacting this encounter. Event summary shows its FKW, but the noise is impacting the BANTER score. No traces in 1706044P3 were able to be localized."
2017 HICEAS,1706256,S116,P2 - Vis Confirm,,Moli,"1,3",0.8091,5. Not Valid,MHIorHIPelagic,Not possible to assign to stock with available information,,20.87651,-158.6396417,09/04/2017 23:10:46,09/04/2017 23:46:50,,,20.9035,-158.746,
2017 HICEAS,1705016,S016,P2 - Vis Confirm,,Numbat_20m_Echidna,"1,6",0.8536,3. Completed,UnkPelagic,Outside HI pelagic assessment area,,29.04456667,-129.267125,08/20/2017 18:39:06,08/20/2017 20:42:16,,08/20/2017 19:18:58,28.99994,-129.391,
2017 HICEAS,1706295,S140,P3 -Vis Confirm,,Kolea_30m_Pueo,"1,6",0.8256,3. Completed,HIPelagic,Within HI pelagic assessment area,,25.81068667,-175.3998733,09/19/2017 19:04:49,09/19/2017 20:50:59,,09/19/2017 19:39:33,25.85625,-175.487,
2018 MACS,1803044,N/A,AC,,Kolea_30m_Pueo_18,"1,6",0.7142,3. Completed,MA,,,13.21976167,144.31777,07/18/2018 8:37:43,07/18/2018 8:48:54,,,13.21461,144.349,
2019 CRPGT,1901017,N/A,AC,,PT19t_30m_Moli_19,"1,7",0.8999,1. New,MHIorHIPelagic,Not possible to assign to stock with available information,,21.22794,-158.9231967,04/03/2019 20:18:04,04/03/2019 21:00:11,,,21.26486,-158.7974,
2019 CRPGT,1901005,S004,Visual,,PT19t_30m_Moli_19,"1,7",0.6476,1. New,MHIorHIPelagic,Not possible to assign to stock with available information,,19.27483833,-157.3610933,04/01/2019 21:11:22,04/01/2019 22:23:43,,,19.28881,-157.383,
2019 CRPGT,1901006,S005,Visual,,PT19t_30m_Moli_19,"1,7",0.8324,1. New,MHIorHIPelagic,Not possible to assign to stock with available information,,19.28286667,-157.4017733,04/01/2019 22:24:23,04/01/2019 22:48:23,,,19.266686,-157.4542,
2019 CRPGT,1901007,S006,Visual,,PT19t_30m_Moli_19,"1,7",,1. New,MHIorHIPelagic,Not possible to assign to stock with available information,,19.26263667,-157.46861,04/01/2019 22:50:09,04/01/2019 23:39:59,,,19.22284,-157.6029,
2020 WHICEAS,2001260,N/A,AC,,Kolea_30m_Pueo_20,"1,6",0.9404,3. Completed,HIPelagic,Within HI pelagic assessment area; Double check visual confirmation,,18.01669833,-155.4729833,03/04/2020 22:48:48,03/05/2020 0:09:26,,,18.07427,-155.695,
2020 WHICEAS,2001112,N/A,AC,,Kolea_30m_Pueo_20,"1,6",0.7986,3. Completed,HIPelagic,Within HI pelagic assessment area; Double check visual confirmation,,19.64075833,-158.7679667,02/02/2020 0:54:25,02/02/2020 2:12:28,,,19.59402,-158.584,
2020 WHICEAS,2001261,N/A,AC,YES,Kolea_30m_Pueo_20,"1,6",0.7102,3. Completed,HIPelagic,Within HI pelagic assessment area; Double check visual confirmation,,17.67421833,-155.7476033,03/05/2020 16:46:21,03/05/2020 18:11:42,,03/05/2020 17:27:51,17.70325,-155.857,"Pilot whales show up at 17:30, so cutting off encounter before that starts"
2020 WHICEAS,2001192,N/A,AC,,Kolea_30m_Pueo_20,"1,6",0.5582,3. Completed,HIPelagic,Within HI pelagic assessment area; Double check visual confirmation,,21.86456,-156.1065917,02/24/2020 0:11:40,02/24/2020 0:21:35,,,21.85893,-156.083,
2020 WHICEAS,2001219,N/A,AC,,Kolea_30m_Pueo_20,"1,6",0.978,3. Completed,MHIorHIPelagic,Not possible to assign to stock with available information,,19.22200833,-156.792645,02/28/2020 20:50:46,02/28/2020 21:33:01,,,19.19424,-156.688,
2020 WHICEAS,2001170,N/A,AC,,Kolea_30m_Pueo_20,"1,6",0.7326,3. Completed,MHIorHIPelagic,Not possible to assign to stock with available information,,21.09088333,-156.1710617,02/11/2020 17:09:18,02/11/2020 18:17:12,02/11/2020 17:33:17,,21.14093,-156.274,subgroup tab start time later than detection tab start time
2020 WHICEAS,2001274,N/A,AC,,Kolea_30m_Pueo_20,"1,6",0.7225,3. Completed,MHIorHIPelagic,Not possible to assign to stock with available information,,21.30765,-160.4003017,03/08/2020 19:16:30,03/08/2020 20:32:54,,,21.35994,-160.618,
2020 WHICEAS,2001218,N/A,AC,,Kolea_30m_Pueo_20,"1,6",0.9655,3. Completed,MHIorHIPelagic,Not possible to assign to stock with available information,,19.209255,-156.8664117,02/28/2020 20:21:12,02/28/2020 20:23:43,,,19.21213,-156.858,
2020 WHICEAS,2001222,N/A,AC,,Kolea_30m_Pueo_20,"1,6",0.6752,3. Completed,MHIorHIPelagic,Not possible to assign to stock with available information,,19.14792333,-156.556895,02/28/2020 22:29:22,02/28/2020 22:46:41,,,19.13313,-156.518,
2020 WHICEAS,2001273,N/A,AC,,Kolea_30m_Pueo_20,"1,6",0.552,3. Completed,MHIorHIPelagic,Not possible to assign to stock with available information,,21.267835,-160.2491267,03/08/2020 18:26:43,03/08/2020 18:57:40,,,21.29281,-160.346,
2020 WHICEAS,2001288,N/A,AC,,Kolea_30m_Pueo_20,"1,6",0.8456,3. Completed,MHIorHIPelagic,Not possible to assign to stock with available information,,21.326345,-158.8559967,03/11/2020 3:14:20,03/11/2020 4:05:44,,,21.27809,-158.72,
2020 WHICEAS,2001212,S255,Visual,,Kolea_30m_Pueo_20,"1,6",0.6137,3. Completed,HIPelagic,Within HI pelagic assessment area,,18.80016667,-157.0304083,02/27/2020 21:05:46,02/27/2020 23:22:40,,,17.70325,-155.857,
2020 WHICEAS,2001257,S284/S285,Visual,,Kolea_30m_Pueo_20,"1,6",0.9841,3. Completed,HIPelagic,Within HI pelagic assessment area; Double check visual confirmation,,18.24249333,-154.8817767,03/04/2020 0:31:56,03/04/2020 1:52:12,,,18.19682,-154.705,
2020 WHICEAS,2001095,S131,Visual,,Kolea_30m_Pueo_20,"1,6",0.8106,3. Completed,MHIorHIPelagic,Not possible to assign to stock with available information,,20.79857667,-158.3411767,01/29/2020 2:40:37,01/29/2020 4:17:14,01/29/2020 3:37:12,,20.7809,-158.283,subgroup tab start time later than detection tab start time
2020 WHICEAS,2001223,S258,Visual,,Kolea_30m_Pueo_20,"1,6",0.9655,3. Completed,MHIorHIPelagic,Not possible to assign to stock with available information,,19.133135,-156.518045,02/28/2020 22:46:41,02/29/2020 0:08:27,,02/29/2020 0:03:44,19.13568,-156.322,
2021 MACS,2102227,N/A,AC,,Kolea_30m_Pueo_21,"1,6",0.839,3. Completed,MA,,,20.176145,148.48915,07/06/2021 22:31:57,07/06/2021 23:08:32,,,20.08837,148.3984,
2021 MACS,2102047,N/A,AC,,Kolea_30m_Pueo_21,"1,6",0.7696,3. Completed,MA,,,18.73612333,142.1964083,05/17/2021 19:57:54,05/17/2021 20:14:51,,,18.76435,142.2254,
2021 MACS,2102086,N/A,AC,YES,Kolea_30m_Pueo_21,"1,6",0.7572,3. Completed,MA,,,22.99223333,144.352335,05/23/2021 7:11:15,05/23/2021 8:25:05,05/23/2021 7:23:53 AM,,22.79891,144.3566,"p1 noted as starting at 7:11:15 but first FKW signal was noted at 7:23:53, have localization with original start time but reran with start time closer to 7:23 to see if it would help with trouble in calculating locations (it didn't). Also there were sperm whale EC at the start of the encounter. maybe run as P3 only"
2021 MACS,2102022,N/A,AC,,Kolea_30m_Pueo_21,"1,6",0.6556,3. Completed,MA,,,19.66434,146.7189017,05/10/2021 6:44:33,05/10/2021 7:22:43,,,19.73538,146.7945,
2021 MACS,2102151,N/A,AC,,Kolea_30m_Pueo_21,"1,6",0.5994,3. Completed,MA,,,15.87210333,149.0006633,06/21/2021 7:08:18,06/21/2021 7:51:19,,,15.83441,149.0245,
2021 MACS,2102012,S002,Visual,,Kolea_30m_Pueo_21,"1,6",0.8107,3. Completed,MA,,,20.364065,145.0330283,05/09/2021 6:04:02,05/09/2021 6:39:40,,,20.43237,145.1042,
2021 MACS,2102050,S008,Visual,,Kolea_30m_Pueo_21,"1,6",0.6764,3. Completed,MA,Double check visual confirmation,,21.05130667,143.33753,05/18/2021 20:23:11,05/18/2021 20:53:48,,,21.11346,143.4007,Double check visual confirmation
2021 MACS,2102080,S018,Visual,,Kolea_30m_Pueo_21,"1,6",0.8868,3. Completed,MA,,,22.95850333,144.0380483,05/23/2021 1:53:02,05/23/2021 4:54:07,,,23.08363,144.2247,
2021 MACS,2102094,S023,Visual,,Kolea_30m_Pueo_21,"1,6",0.8565,3. Completed,MA,,,20.34959667,143.217925,05/24/2021 3:02:50,05/24/2021 3:47:03,,,20.23294,143.2681,
2021 MACS,2102103,S027,Visual,,Kolea_30m_Pueo_21,"1,6",0.8351,3. Completed,MA,,,16.89154167,144.2015667,05/25/2021 22:36:50,05/25/2021 23:20:04,,,16.91253,144.0729,
2021 MACS,2102135,S036,Visual,,Kolea_30m_Pueo_21,"1,6",0.7431,3. Completed,MA,,,11.17397667,143.97751,06/16/2021 7:59:25,06/16/2021 8:44:32,,,11.0799,143.8783,
2021 MACS,2102147,S044,Visual,,Kolea_30m_Pueo_21,"1,6",0.9129,3. Completed,MA,,,15.05218667,147.9055567,06/20/2021 20:00:04,06/20/2021 20:36:41,,,15.12302,147.9802,
2021 MACS,2102193,S061,Visual,,Kolea_30m_Pueo_21,"1,6",0.9367,3. Completed,MA,,,21.45388,147.4291117,06/30/2021 8:28:21,06/30/2021 8:49:10,,,21.49326,147.4634,
2021 MACS,2102253,S076,Visual,,Kolea_30m_Pueo_21,"1,6",0.8925,3. Completed,MA,,,15.03300167,144.2004717,07/12/2021 20:17:36,07/12/2021 21:18:02,,,14.9313,144.2203,
2021 MACS,2102111,S031,Visual,,Kolea_30m_Pueo_21,"1,6",0.6728,3. Completed,MA,,,14.62670333,141.628365,05/27/2021 6:02:03,05/27/2021 6:23:02,,,14.58155,141.5841,Visual species ID was 377.
2023 HICEAS,2303079,N/A,AC,,Iiwi_30m_Moli_23,"1,6",0.6596,5. Not Valid,HIPelagic,Within HI pelagic assessment area,,30.58207667,-174.0087883,08/15/2023 20:08:13,08/15/2023 20:44:38,,,30.60782,-174.118,Not enough signals to localize because a majority of signals used for classification were at bearing angles less than 30 degrees
2023 HICEAS,2303312,N/A,AC,,Iiwi_30m_Moli_23,"1,6",n/a,4. Paused,HIPelagic,End of acoustic detection was outside the NWHI boundary,Changed from NWHIorHIPelagic to HIPelagic because end of acoustic detection is outside boundary (start of detection is within),23.268595,-160.24634,10/31/2023 18:37:00,10/31/2023 19:28:14,,,23.23454,-160.1092,"data gap from 17:15:15 - 19:29:54, so no data to process"
2023 HICEAS,2303362,N/A,AC,,Iiwi_30m_Moli_23,"1,6",0.7962,3. Completed,HIPelagic,Within HI pelagic assessment area,,17.33257,-153.9364933,11/21/2023 23:39:24,11/22/2023 1:17:59,,,16.21467,-154.671,
2023 HICEAS,2303275,N/A,AC,YES,Iiwi_30m_Moli_23,"1,6",0.5902,4. Paused,NWHIorHIPelagic,Not possible to assign to stock with available information at present,,26.48037667,-173.2516517,10/25/2023 20:43:04,10/25/2023 21:22:08,,,26.50046,-173.335,Don't use for localization project because ship was off effort chasing beaked whales.
2023 HICEAS,2401104,N/A,AC - outside 3 nmi,,Numbat_20m_Goanna_23,"1,6",0.6015,3. Completed,HIPelagic,Within HI pelagic assessment area,,24.35015333,-158.060715,11/18/2023 20:32:51,11/18/2023 21:53:10,,,17.62092,-154.023,
2023 HICEAS,2303324,N/A,AC - w/in 3 nmi,,Iiwi_30m_Moli_23,"1,6",0.6126,3. Completed,HIPelagic,Within HI pelagic assessment area,,19.780055,-162.46288,11/10/2023 21:30:38,11/10/2023 21:57:29,,,19.76399,-162.4,
2023 HICEAS,2303356,N/A,AC - w/in 3 nmi,,Iiwi_30m_Moli_23,"1,6",0.887,3. Completed,HIPelagic,Within HI pelagic assessment area,,16.41487833,-155.4274983,11/20/2023 17:06:05,11/20/2023 17:56:20,,,16.37705,-155.292,
2023 HICEAS,2303343,N/A,AC - w/in 3 nmi,,Iiwi_30m_Moli_23,"1,6",0.5177,3. Completed,MHIorHIPelagic,Not possible to assign to stock with available information,,19.32580167,-156.5759033,11/16/2023 22:45:18,11/17/2023 0:18:36,,,19.15501,-156.726,
2023 HICEAS,2303172,N/A,AC - w/in 3 nmi,,Iiwi_30m_Moli_23,"1,6",0.5649,3. Completed,NWHIorHIPelagic,Not possible to assign to stock with available information at present,,26.11615,-174.973935,09/25/2023 22:55:34,09/26/2023 0:13:21,,,26.03482,-174.771,
2023 HICEAS,2303056,N/A,AC - w/in 3 nmi,,Iiwi_30m_Moli_23,"1,6",0.9256,3. Completed,NWHIorHIPelagic,Not possible to assign to stock with available information at present,,22.28823167,-162.328945,08/07/2023 17:07:40,08/07/2023 17:35:18,,,22.36206,-162.343,
2023 HICEAS,2303210,N/A,AC - w/in 3 nmi,,Iiwi_30m_Moli_23,"1,6",0.5173,3. Completed,NWHIorHIPelagic,Not possible to assign to stock with available information at present,,22.14163667,-162.048475,10/02/2023 16:37:31,10/02/2023 17:49:35,,,22.09254,-161.875,
2023 HICEAS,2303309,S198,P1 - Vis Confirm,,Iiwi_30m_Moli_23,"1,6",0.9367,3. Completed,NWHIorHIPelagic,Not possible to assign to stock with available information at present,,23.71929833,-162.0545,10/31/2023 2:29:05,10/31/2023 3:52:15,,,23.65584,-161.805,
2023 HICEAS,2303130,S89,P2 - Vis Confirm,,Iiwi_30m_Moli_23,"1,6",0.7368,3. Completed,HIPelagic,Within HI pelagic assessment area,,25.55435,-162.9637317,08/28/2023 23:51:07,08/29/2023 2:00:58,,,25.46118,-162.574,
2023 HICEAS,2303155,S104,P2 - Vis Confirm,,Iiwi_30m_Moli_23,"1,6",0.912,3. Completed,HIPelagic,Within HI pelagic assessment area,,24.82751167,-176.32856,09/14/2023 17:16:07,09/14/2023 18:21:25,,,24.86188,-176.468,
2023 HICEAS,2303337,S215,P2 - Vis Confirm,,Iiwi_30m_Moli_23,"1,6",0.7114,3. Completed,MHIorHIPelagic,Not possible to assign to stock with available information,,19.50774667,-156.1846933,11/15/2023 21:28:34,11/15/2023 22:06:00,,,19.57089,-156.086,
2023 HICEAS,2303178,S128,P2 - Vis Confirm,,Iiwi_30m_Moli_23,"1,6",0.7983,3. Completed,NWHIorHIPelagic,Not possible to assign to stock with available information at present,,25.30256667,-172.1195,09/27/2023 2:49:25,09/27/2023 3:55:28,,,25.28653,-171.931,
2024 SCOPE,2404013,N/A,AC,,Iiwi_30m_Moli_24,"1,6",0.5208,4. Paused,HIPelagic,Within HI pelagic assessment area,,16.16832333,-153.3140033,04/26/2024 19:53:40,04/26/2024 21:22:32,,04/26/2024 20:28:00,16.13234,-153.251,Noise mixed into EC data. Most likely leading to a lower banter score.
2024 SCOPE,2404018,N/A,AC - w/in 3 nmi,,Iiwi_30m_Moli_24,"1,6",0.8893,3. Completed,UnkPelagic,Outside HI pelagic assessment area,,14.908085,-151.2995617,4/27/2024 15:22:56,4/27/2024 16:17:38,,,14.83887,-151.264,
2024 SCOPE,2404057,N/A,AC - outside 3 nmi,,Iiwi_30m_Moli_24,"1,6",0.691,3. Completed,UnkPelagic,Outside HI pelagic assessment area,,10.70544667,-148.0696367,05/04/2024 0:13:32,05/04/2024 1:16:57,,05/04/2024 0:44:52,10.65152,-148.125,
2024 SCOPE,2404105,N/A,AC - outside 3 nmi,,Kolea_30m_Moli_24,"1,6",0.7626,3. Completed,UnkPelagic,Outside HI pelagic assessment area,Just outside HI pelagic assessment area,16.246605,-149.61088,05/12/2024 23:09:29,05/13/2024 3:22:32,,05/12/2024 23:51:00,16.16389,-149.697,
2024 SCOPE,2404070,N/A,AC - w/in 3 nmi,,Iiwi_30m_Moli_24,"1,6",0.8143,3. Completed,UnkPelagic,Outside HI pelagic assessment area,,8.745823333,-146.83344,05/05/2024 22:53:55,05/06/2024 0:20:30,,05/06/2024 23:38:00,8.775177,-146.771,
2024 SCOPE,2404121,N/A,AC - w/in 3 nmi,,Kolea_30m_Moli_24,"1,6",0.7374,3. Completed,UnkPelagic,Outside HI pelagic assessment area,,14.43473,-155.0286367,05/15/2024 0:04:25,05/15/2024 3:48:07,,05/15/2024 1:00:14,14.46183,-155.189,
2024 SCOPE,2404126,S015,Visual,,Kolea_30m_Moli_24,"1,6",0.8657,3. Completed,HIPelagic,Within HI pelagic assessment area,,15.06285833,-157.1685783,05/15/2024 16:22:03,05/15/2024 22:15:27,,05/15/2024 17:26:33,15.11961,-157.349,
2024 SCOPE,2404123,S014,Visual,YES,Kolea_30m_Moli_24,"1,6",n/a,4. Paused,UnkPelagic,Outside HI pelagic assessment area,,14.48565167,-155.317955,05/15/2024 3:33:48,05/15/2024 4:28:48,,05/15/2024 3:52:39,14.51,-155.37,Mixed species encounter (32/33). Banter score is not valid.
2024 SCOPE,2404021,S004,Visual,,Iiwi_30m_Moli_24,"1,6",0.9455,4. Paused,UnkPelagic,Outside HI pelagic assessment area,,14.33394,-151.78217,04/27/2024 20:53:49,04/27/2024 23:37:39,,04/27/2024 21:22:00,14.27994,-151.837,All localization effort in the field was done at angles less than 30 degrees. Can't complete traces with this process.
2024 SCOPE,2404091,S008,Visual,,Kolea_30m_Moli_24,"1,6",0.9194,3. Completed,UnkPelagic,Outside HI pelagic assessment area,,14.06362333,-146.934005,05/09/2024 21:42:34,05/10/2024 1:50:31,,05/10/2024 22:38:19,14.21416,-146.934,
2024 SCOPE,2404128,S017,Visual,,Kolea_30m_Moli_24,"1,6",0.9064,3. Completed,UnkPelagic,Outside HI pelagic assessment area,,16.189255,-160.88628,05/16/2024 18:20:38,05/17/2024 1:59:35,,05/16/2024 19:04:00,16.24136,-160.999,
2024 SCOPE,2404100,S011,Visual,,Kolea_30m_Moli_24,"1,6",n/a,4. Paused,UnkPelagic,Outside HI pelagic assessment area,,15.63424167,-148.4801583,05/11/2024 19:13:19,05/12/2024 0:16:42,,05/11/2024 19:51:00,15.73752,-148.479,FKW detected after the beam during sperm whale encounter. Can't localize and banter score is messed up due to sperm whale signals.